{
  "voices": {
    "rachel": {
      "voice_id": "EXAVITQu4vr4xnSDxMaL",
      "name": "Sarah",
      "language": "en-US",
      "gender": "female",
      "persona": "warm",
      "description": "Mature, reassuring, confident. Perfect for conversational content.",
      "settings": { "stability": 0.75, "similarity_boost": 0.75, "style": 0.5 },
      "use_cases": ["conversation", "tutorials", "friendly content", "narration"]
    },
    "adam": {
      "voice_id": "pNInz6obpgDQGcFmaJgB",
      "name": "Adam",
      "language": "en-US",
      "gender": "male",
      "persona": "narrator",
      "description": "Dominant, firm male voice. Ideal for documentaries and serious narration.",
      "settings": { "stability": 0.80, "similarity_boost": 0.75, "style": 0.4 },
      "use_cases": ["documentaries", "audiobooks", "professional narration", "news"]
    },
    "bella": {
      "voice_id": "hpp4J3VqNfWA7E7KEGDY",
      "name": "Bella",
      "language": "en-US",
      "gender": "female",
      "persona": "professional",
      "description": "Professional, bright, warm female voice.",
      "settings": { "stability": 0.70, "similarity_boost": 0.80, "style": 0.6 },
      "use_cases": ["business", "tutorials", "professional content", "presentations"]
    },
    "brian": {
      "voice_id": "nPczCjzI2devNBz1zQrb",
      "name": "Brian",
      "language": "en-US",
      "gender": "male",
      "persona": "comforting",
      "description": "Deep, resonant and comforting. Great for meditation and calm content.",
      "settings": { "stability": 0.80, "similarity_boost": 0.75, "style": 0.4 },
      "use_cases": ["meditation", "calm content", "bedtime stories", "relaxation"]
    },
    "george": {
      "voice_id": "JBFqnCBsd6RMkjVDRZzb",
      "name": "George",
      "language": "en-GB",
      "gender": "male",
      "persona": "storyteller",
      "description": "Warm, captivating British storyteller. Perfect for audiobooks.",
      "settings": { "stability": 0.75, "similarity_boost": 0.80, "style": 0.5 },
      "use_cases": ["audiobooks", "storytelling", "narration", "british content"]
    },
    "alice": {
      "voice_id": "Xb7hH8MSUJpSbSDYk0k2",
      "name": "Alice",
      "language": "en-GB",
      "gender": "female",
      "persona": "educator",
      "description": "Clear, engaging British educator. Ideal for tutorials and explanations.",
      "settings": { "stability": 0.80, "similarity_boost": 0.75, "style": 0.4 },
      "use_cases": ["education", "tutorials", "explanations", "british content"]
    },
    "callum": {
      "voice_id": "N2lVS1w4EtoT3dr4eOWO",
      "name": "Callum",
      "language": "en-US",
      "gender": "male",
      "persona": "trickster",
      "description": "Husky trickster voice. Great for playful, mischievous content.",
      "settings": { "stability": 0.70, "similarity_boost": 0.80, "style": 0.6 },
      "use_cases": ["playful content", "entertainment", "gaming", "casual"]
    },
    "charlie": {
      "voice_id": "IKne3meq5aSn9XLyUdCD",
      "name": "Charlie",
      "language": "en-AU",
      "gender": "male",
      "persona": "energetic",
      "description": "Deep, confident, energetic Australian voice.",
      "settings": { "stability": 0.75, "similarity_boost": 0.75, "style": 0.5 },
      "use_cases": ["sports", "energetic content", "australian content", "motivation"]
    },
    "jessica": {
      "voice_id": "cgSgspJ2msm64kCltF4R",
      "name": "Jessica",
      "language": "en-US",
      "gender": "female",
      "persona": "playful",
      "description": "Playful, bright, warm. Great for friendly, casual content.",
      "settings": { "stability": 0.70, "similarity_boost": 0.80, "style": 0.6 },
      "use_cases": ["friendly content", "social media", "casual", "youth content"]
    },
    "lily": {
      "voice_id": "pFZP5JQG7iQjIQuC4Bku",
      "name": "Lily",
      "language": "en-GB",
      "gender": "female",
      "persona": "actress",
      "description": "Velvety British actress voice. Elegant and sophisticated.",
      "settings": { "stability": 0.75, "similarity_boost": 0.80, "style": 0.5 },
      "use_cases": ["drama", "audiobooks", "elegant content", "storytelling"]
    },
    "matilda": {
      "voice_id": "XrExE9yKIg1WjnnlVkGX",
      "name": "Matilda",
      "language": "en-US",
      "gender": "female",
      "persona": "professional",
      "description": "Knowledgeable, professional. Perfect for informative content.",
      "settings": { "stability": 0.85, "similarity_boost": 0.75, "style": 0.3 },
      "use_cases": ["professional", "informative", "corporate", "news"]
    },
    "river": {
      "voice_id": "SAz9YHcvj6GT2YYXdXww",
      "name": "River",
      "language": "en-US",
      "gender": "neutral",
      "persona": "neutral",
      "description": "Relaxed, neutral, informative. Androgynous voice for inclusive content.",
      "settings": { "stability": 0.80, "similarity_boost": 0.75, "style": 0.4 },
      "use_cases": ["neutral content", "informative", "inclusive", "general"]
    },
    "roger": {
      "voice_id": "CwhRBWXzGAHq8TQ4Fs17",
      "name": "Roger",
      "language": "en-US",
      "gender": "male",
      "persona": "casual",
      "description": "Laid-back, casual, resonant. Great for relaxed, friendly content.",
      "settings": { "stability": 0.70, "similarity_boost": 0.80, "style": 0.5 },
      "use_cases": ["casual", "podcasts", "friendly", "relaxed"]
    },
    "daniel": {
      "voice_id": "onwK4e9ZLuTAKqWW03F9",
      "name": "Daniel",
      "language": "en-GB",
      "gender": "male",
      "persona": "broadcaster",
      "description": "Steady British broadcaster. Professional news anchor style.",
      "settings": { "stability": 0.85, "similarity_boost": 0.75, "style": 0.3 },
      "use_cases": ["news", "broadcasting", "professional", "announcements"]
    },
    "eric": {
      "voice_id": "cjVigY5qzO86Huf0OWal",
      "name": "Eric",
      "language": "en-US",
      "gender": "male",
      "persona": "trustworthy",
      "description": "Smooth, trustworthy voice. Ideal for credible, professional content.",
      "settings": { "stability": 0.85, "similarity_boost": 0.75, "style": 0.3 },
      "use_cases": ["business", "trustworthy", "corporate", "professional"]
    },
    "chris": {
      "voice_id": "iP95p4xoKVk53GoZ742B",
      "name": "Chris",
      "language": "en-US",
      "gender": "male",
      "persona": "friendly",
      "description": "Charming, down-to-earth. Great for approachable, friendly content.",
      "settings": { "stability": 0.75, "similarity_boost": 0.75, "style": 0.5 },
      "use_cases": ["friendly", "approachable", "tutorials", "casual"]
    },
    "will": {
      "voice_id": "bIHbv24MWmeRgasZH58o",
      "name": "Will",
      "language": "en-US",
      "gender": "male",
      "persona": "optimist",
      "description": "Relaxed optimist. Positive, uplifting voice.",
      "settings": { "stability": 0.75, "similarity_boost": 0.80, "style": 0.5 },
      "use_cases": ["positive content", "motivation", "uplifting", "friendly"]
    },
    "liam": {
      "voice_id": "TX3LPaxmHKxFdv7VOQHJ",
      "name": "Liam",
      "language": "en-US",
      "gender": "male",
      "persona": "social",
      "description": "Energetic social media creator voice. Youthful and dynamic.",
      "settings": { "stability": 0.70, "similarity_boost": 0.80, "style": 0.7 },
      "use_cases": ["social media", "youtube", "energetic", "youth"]
    }
  },
  "presets": {
    "default": "rachel",
    "narrator": "adam",
    "professional": "matilda",
    "warm": "rachel",
    "energetic": "liam",
    "trustworthy": "eric",
    "storyteller": "george",
    "educator": "alice",
    "british": "george",
    "australian": "charlie",
    "calm": "brian",
    "neutral": "river",
    "broadcaster": "daniel"
  },
  "languages": {
    "en-US": ["rachel", "adam", "bella", "brian", "callum", "jessica", "matilda", "river", "roger", "eric", "chris", "will", "liam"],
    "en-GB": ["george", "alice", "lily", "daniel"],
    "en-AU": ["charlie"]
  },
  "supported_languages": [
    "en", "de", "es", "fr", "it", "pt", "pl", "nl", "sv", "da", "fi", "no",
    "tr", "ru", "uk", "cs", "sk", "hu", "ro", "bg", "hr", "el", "hi", "ta",
    "id", "ms", "vi", "th", "ja", "ko", "zh", "ar"
  ],
  "model": "eleven_multilingual_v2",
  "version": "2.0.0"
}
